<?xml version="1.0" encoding="UTF-8" standalone="yes"?>
<addon id="plugin.video.myyoutubeplaylist" name="My YouTube Playlist" version="0.1.0" provider-name="doko">
	<requires>
		<import addon="xbmc.python" version="2.25.0" />
		<import addon="plugin.video.youtube"/>
	</requires>
    <extension point="xbmc.python.pluginsource" library="default.py">
        <provides>video</provides>
    </extension>
	<extension point="xbmc.addon.metadata">
		<platform>all</platform>
		<summary>View a Custom YouTube Playlist</summary>
		<description>Change the playlist ID inside [B]default.py[/B], re-zip and install this add-on in your Kodi to see your own playlist.</description>
        <news>[B]View a Custom YouTube Playlist[/B][CR][CR]Change the playlist ID inside [B]default.py[/B], re-zip and install this add-on in your Kodi to see your own playlist.</news>
    </extension>
</addon>